{
	"pages": [ //pages数组中第一项表示应用启动页，参考：https://uniapp.dcloud.io/collocation/pages
		{
			"path": "pages/index/index",
			"style": {
				"navigationBarTitleText": "首页"
			}
		}
	    ,{
            "path" : "pages/login/login",
            "style" : {
				"navigationBarTitleText": "登录"
			}
        }
        ,{
            "path" : "pages/register/register",
            "style" : {
				"navigationBarTitleText": "注册"
			}
        }
        ,{
            "path" : "pages/forget-pwd/forget-pwd",
            "style" : {
				"navigationBarTitleText": "找回密码"
			}
        }
    ],
	"globalStyle": {
		"backgroundTextStyle": "light",
		"navigationBarBackgroundColor": "#08B6F2",
		"navigationBarTextStyle": "white",
		"navigationBarTitleText": "login-template"
	}
}
